state,crime_rate
강원도,0.0271
경기도,0.2489
경상남도,0.0722
경상북도,0.0451
광주광역시,0.0283
대구광역시,0.0494
대전광역시,0.0307
부산광역시,0.0767
서울특별시,0.1929
세종특별자치시,0.0041
울산광역시,0.0136
인천광역시,0.0587
전라남도,0.0343
전라북도,0.0324
제주특별자치도,0.0189
충청남도,0.0368
충청북도,0.0299
